1.5171504905220452,-0.39263874452548464,0.7698918166985669,1
0.7052145086435218,1.1890118256042,-1.048244282292405,1
0.20280097973041578,1.2408332001012852,0.6250232331511247,1
0.7722662610107962,1.0726100596714394,-0.6762729952262614,1
-0.1112416288063729,-0.2804041027560613,0.615942909524219,1
-1.2476691175427286,-0.2632478383990282,-0.4021552449593848,1
0.07118740097662002,-1.1739536692990757,1.4324547356624118,1
1.1361561401476994,-0.4291802029344973,1.1538455365889124,1
0.7928052278085307,-0.17259422662849389,0.8757022147561937,1
-0.2723189791030025,-0.31173757707354177,0.03268554541852886,1
0.957973916705062,-0.44466833583859433,-1.6402112406363925,1
-0.07411624772727965,0.3528014235438537,-1.7940339944154395,1
0.551429536674438,-1.3002317767610982,0.467383324251502,1
0.061821172943890446,-1.356694140612544,-0.9628181875205097,1
-0.42125874461117085,1.2241218688973055,0.2617793040081402,1
0.16825364568771484,0.6209390427597103,-1.2524328806041485,1
-0.4261099885674664,-1.1070348472808655,-1.2436838204049918,1
0.12284572887627121,0.23515733712016118,1.0590357093295193,1
0.5249520594128274,-0.9836804567793118,1.4606481755464822,1
0.6381379978502473,0.5453007355029618,0.9946788525599315,1
-0.08325409844013176,1.1623890941976613,0.7009885210335662,1
-0.7059871680104166,0.03831226802885723,-0.9616382157755243,1
1.29554240312767,0.38584897631470394,1.4387480836844393,1
1.353155079989306,-0.01199338960657137,0.33942060587599254,1
0.4256571918395551,0.48511626987783707,1.1415064110031228,1
-0.5677282107785722,-0.29112287880779686,1.4774451971077864,1
-1.1890475110090932,-0.687640221470053,0.49905267156517397,1
0.21623640338610794,1.308647749210504,-0.4707267979978518,1
-1.1662781324615779,1.5809638369505166,-0.0541615184032862,1
-0.4011348906196224,1.361614349236044,-0.808106899629438,1
0.9361141007938087,-0.03025246288462391,-1.606244692529577,1
0.037639065397313765,-0.14459809631075782,-1.2476893337540247,1
1.8904019484458674,-0.2032737992824174,0.21784013406788194,1
0.21166684318954498,-0.8172112451379707,-1.795613526577438,1
-1.303994393365187,0.7154417290780417,0.3140603122660828,1
-1.330443245995487,0.3279793517170919,1.0067692269146145,1
-1.157965406144151,-0.740092845240075,-0.3159300515036003,1
0.9470666087102177,-0.016319061084126396,0.14737514556236775,1
-0.7852171429095716,0.5393874039943478,1.1727794747850222,1
1.613627727551176,-0.3883514487843005,-1.0089542041105313,1
0.4015905138132325,-0.11602805323838172,-1.9404575570693101,1
-0.1541263615855213,-0.5673592073281375,0.6690186520421211,1
-0.9550277329740187,-0.1288778449380663,-0.2517914328126345,1
0.8356645711771691,0.21051221959236877,-1.3362668466678507,1
-1.18887202580329,-1.0889042503110042,-0.35282054645061045,1
0.5455367816349828,0.4339551351183015,0.9280476495957366,1
0.3564147980456305,0.39362545679812033,-1.0739548397798515,1
0.7025227173537756,-1.149584816900198,0.046463150974960676,1
-0.09129715738262245,-1.561135513126195,-0.5630091692259471,1
-0.23278800470703231,1.4107273736081192,-1.3970776896927273,1
1.1311645471392113,1.1666118752964083,1.1023503684099882,1
0.8133902809563338,-1.1122571387902562,1.446575527630471,1
0.8598701879639172,1.3995172254109702,-0.518396823490467,1
-1.2535752287656852,-1.357043155429225,-0.5946576086043098,1
1.379134470894396,0.13482719885157746,-0.26383673986067624,1
-0.27013115625643547,0.35047345168418964,-0.7971636914653706,1
-0.920699481986178,0.5641293033487047,0.8621487017006721,1
-0.7709882862770199,0.29994750971728124,0.7921707910086182,1
-0.862880962348819,0.5075391880121183,-1.546281935568885,1
1.6372403614963762,-0.14138335590283102,-0.4567997875936731,1
-1.101885361211207,1.1918274878904755,0.002015702075843784,1
0.15776915880859832,-0.3588773527782605,-1.4190904553534551,1
-1.3315735081786118,-1.1546311474361666,0.649128053549588,1
0.04749326863252268,1.1774913319600424,0.3490770726015304,1
1.0740356561270223,0.08892059317185197,0.8904864623959323,1
-0.9871522123480467,-1.1057199350686853,0.0940346612031524,1
-0.6228599550583596,1.5456954047433573,0.26965550380214864,1
0.9160986136429328,0.5214006722398574,-1.495877787771204,1
1.223817977739877,0.9743972466422397,-0.4233889976015872,1
0.259027000982198,-0.8770549082385699,-0.20980852560670904,1
-0.23849311862633105,-0.3410541448350841,1.5796293665170955,1
-0.6215923029922212,-0.5039032436299289,1.2187064523137519,1
-0.9498212130599883,-0.4466668221028822,1.1300678684439722,1
-0.4724832189261505,0.8996365344619672,0.2720191428787073,1
0.1110647359232182,0.07099936370892834,0.9429707395879952,1
0.05500845909165708,-1.250358585185503,1.2043655473684174,1
-0.622002094498459,1.476331897966717,0.7392926260189236,1
1.0923629452356076,0.30459224389428385,1.317106944937966,1
-1.2717442948882614,-0.0438511716487362,0.1485078128050965,1
-1.4301480535882911,0.2625039715457085,-1.2144072110188286,1
-0.15192888899389967,-0.6127341589110236,-1.8557837626618712,1
-0.48843079095580233,0.30511531734965214,1.0686819988952285,1
0.7671377082548565,-0.030868148288646147,1.3020103056252648,1
-0.9820232987021384,-0.6049981875025576,-1.1265920936092098,1
0.24026417958406387,1.5016754946052746,-0.4695876494730138,1
0.13771061115647498,-0.8955690545859474,-1.7635995932999222,1
1.4271582557048044,0.06687311725044864,0.44956658460283627,1
-0.504765618856446,0.677289088806428,-0.6426625069977128,1
0.7643723412939938,-0.5562893685780192,-0.4173427211389624,1
0.3884072500518023,0.6209533573712669,1.4263003292414274,1
1.6555035987479947,-0.6397734728237889,-0.46293728489447883,1
1.0385798926984018,-0.0778476357026392,1.037792893952484,1
0.7418821022646425,-0.5284966530100874,0.024316786916669386,1
-1.5148246556323048,0.9057455935979863,0.5784681469649975,1
1.1490509338603365,0.7154468702404948,0.6911523490449847,1
-0.4893312067387825,-1.3199807701659099,-1.006006506867192,1
-0.007503282282094403,0.8648093916936155,0.1476996008941267,1
-1.2883342631903725,0.9412620590607457,0.8742839055337868,1
0.04956326119565624,1.1851230484444457,0.9387336382117972,1
0.1314641606246969,1.5203376238997235,-1.2690024547763867,1
0.8335622319101175,-0.2938886645736609,1.6472701858260885,1
1.035110389366504,0.6851959918055268,1.1263778698999314,1
0.01989208513672036,-1.719593145927977,-0.08096183595683382,1
0.46184902583117804,-1.1795928043509294,0.6610416682116984,1
-0.22882257392853678,0.5374868854216457,1.4851662651592665,1
0.6738278188927476,-1.6838049118172318,-0.8423081567697324,1
-1.729661260677048,0.31542178890985895,0.8475864897502206,1
-0.6151374965674714,1.065297967260256,0.8834567457286271,1
-0.6673851215234121,-1.2741088560611766,-0.9701526796954667,1
-0.7157203584611516,-1.3280138713366023,-0.018382182910022138,1
-0.29342932422273815,0.27430279136420666,1.2941354468961483,1
0.23323405908367878,1.4671834693391084,0.9371725997483704,1
-0.9400141825463297,1.3626769391687086,0.6287794679915564,1
-0.47358973577758334,0.42229344881924824,-1.3170981322884074,1
0.8951231841551293,-0.20172082502287925,-0.8181296470202719,1
-0.8014676695454108,1.1508775549956631,-0.5540384027265812,1
0.5100207803346084,-0.6467177435533751,-0.00874984066396678,1
0.6664268426670681,-1.7250842067519905,-0.20455004602263838,1
0.4402679245521819,-1.3405275418284104,-0.490727607137484,1
-1.3765836524845225,0.2919924913360896,0.6407109750348354,1
-0.6163829055365326,-0.7597979736732574,-1.2361800858916494,1
-0.2024957719976168,1.3197091532962961,-0.09495547330623122,1
-0.7810995017874678,1.130323352278725,0.23510259814646606,1
0.5310341902345792,1.118582648276691,-1.4437547790296215,1
-0.3844887888636297,1.7898900589796645,-0.23678914421864672,1
0.7216304173064234,-0.5094401509417521,0.9578066795182663,1
-0.10071688249944799,1.1229114148325001,-1.55353054848697,1
-0.36424706535465834,0.9053230231551419,-1.0996571323208348,1
-0.11157139481911926,-0.6342989884184718,1.2277036177362808,1
0.8925450999069566,-1.4160899835080274,0.8952232648876173,1
0.7871701867657208,0.23412749127760968,-1.3674534336046449,1
1.2581264299979207,1.0337341051859772,-0.7664846086247801,1
1.0572672396327025,1.1991512305703047,-1.1488305622428419,1
1.4443521937510724,1.2005418497264655,-0.22984167339312744,1
-1.5820706394586592,-0.36657328909868436,1.0709556789143102,1
-0.02813153540986324,1.0615608432780483,-0.7967923807967718,1
-0.9193934534902182,1.0376131635758057,-0.9956067439548031,1
1.3916223249090685,-0.07952312732235178,1.1850588153273396,1
0.34744146203880266,0.027208906856651893,-0.9071717633096599,1
1.2608022232474418,0.4292915479396324,-0.5170535750757113,1
-0.6511647633595352,0.9911233424467145,0.9464352438177883,1
0.8022511395623999,-0.8208699900015093,0.7296648587168901,1
-1.1376963791701113,-0.6289220524234942,1.1673563317182145,1
0.8073754113354035,0.1348596707056977,0.24725607480810474,1
0.17144158938184706,0.8608556253542439,-1.1088335659777053,1
0.6071375521748648,-1.4517944114561434,-0.24746070968152178,1
-0.3500615404388583,1.6138495839414073,0.612919546611769,1
-0.2402115185532585,1.694203874619042,-0.2597117134067819,1
1.9031969231439572,0.2742342051278994,-0.1188486688431567,1
1.4420786781965207,0.10993719717607675,-0.9141347079788922,1
-0.4040490175884299,1.0917809707839323,-1.3479505370625704,1
0.3332911990894303,-0.4241455238929417,-1.8543680337515882,1
-0.5626585551917307,0.6726307662967299,0.990473923532937,1
-0.8880255369793879,-0.2813137580823746,-0.4609954860973753,1
0.11770199736503795,1.3519537899159237,0.6118432010369395,1
0.8951229421220663,-0.036323796513555884,-0.36655764043839945,1
-0.2771306740950168,0.5498927293320701,1.3289933233133322,1
0.21132211513653587,-0.7577691271930318,1.348158459863689,1
-0.5687461039404491,1.0595815010164102,1.1735039181420657,1
-0.5608589326130904,-1.7501510720679967,0.09622828522869753,1
-1.7885447214038521,0.010735285648151738,0.8173990416279677,1
-0.4704817507206105,-1.3695605911900648,-0.37404208909767345,1
-0.5360122243015883,-1.397966523489604,-0.14351076252024164,1
0.9183865160660192,-0.4230972341697017,0.9334622157262134,1
-0.9701309850317452,0.48911586906466464,0.9836652630243652,1
1.2077494237676119,-1.2700673245639367,0.0037494571608771565,1
-0.4344659228698058,-1.1496312117033236,-0.5326949705804305,1
1.0549106142088913,-0.06019799349128174,-0.6369573309168679,1
-1.769495504429682,-0.01669060517031351,-0.5912134461561269,1
-1.0052518039710865,-0.32474162952557606,-1.3919515307667796,1
-0.32966315019817216,0.8919461699311864,0.36913276927296046,1
0.17678121587356976,1.6858007599068863,0.6202899964079567,1
-1.6437420884609306,-0.582637643070866,-0.9668410253360813,1
0.5821262591208143,0.23141788371984706,1.5225789487671868,1
-0.6273102975409,0.01916570896744929,0.6530200313830976,1
-1.2262825462294238,1.1411967693172738,1.066468598467802,1
-0.8710944477492335,-0.000986149748345433,0.22170374082010547,1
0.30497785690559276,1.5022090008767046,0.3366456442938075,1
0.5066497762950668,-1.3835433207347867,-0.22485738688202161,1
0.2694963077593142,0.19339447029395807,-0.29153002037502773,1
-0.251163797224109,-1.4615477920148239,-0.2115468511817289,1
-0.8533092651206342,-1.151154808865197,-0.1638319334896723,1
-0.05350190432660629,1.1847213678019504,-0.42744572360915534,1
-0.6771247536247671,0.11980219963323346,-0.27717138125205487,1
-0.7911916897125488,1.4254476076008347,-0.4478365470495813,1
-0.8461960851207868,0.3364757875935309,-1.5284159133110435,1
-1.8589310786739812,-0.258974182533505,-0.48114135481028164,1
-0.9887904043411524,-0.143605352128378,-0.6148171904608901,1
-0.018250802656489817,1.62485516579076,-1.0752244827048951,1
-0.07220155481144541,-1.2205060161158823,-0.7530906572202625,1
0.7303419116226442,1.2115777594012798,0.8601282667912589,1
-0.261852938154191,1.3087030580789865,1.1064929736881686,1
-0.9660634980953322,0.5871108743923559,-1.0512359658390773,1
1.4924023732944525,-0.5142215740983405,0.5959783005723676,1
-0.516924939190452,-0.8545576756708533,1.0797359288523776,1
-0.9750260916510616,0.013764707622859973,0.10380731492014306,1
-1.44642946888162,1.2794365148038258,-0.07302833901714578,1
-0.282513341420664,0.48742332983263914,1.565512917797279,1
-0.3443002185928634,-0.5763489030379372,1.0234796590689932,1
-0.06935911322415045,0.8690587304122062,-0.8046698782079735,1
1.5013058212046175,0.3229366395972253,1.0941836930964115,1
0.3420245998524871,0.7000366520765482,-1.3255922182983602,1
-0.6752134979156441,-0.2581317522886106,0.3527660004230748,1
-0.8988745080560614,0.7012413742622776,1.0178970676084775,1
0.6979239619759712,0.27596052365724333,-0.8099153064592564,1
0.507098582658168,-1.4034886698553057,-0.34784397426992086,1
-0.5059203193740993,0.4298903128230611,-1.0052315527209998,1
-1.0050069054894992,0.08888463396292767,-0.21600267792857952,1
1.0800839542131762,0.94131424068717,-1.3328362967506129,1
-1.1099775257936368,-0.8313659727033658,-0.5923869520625562,1
-0.8039369535491101,0.5446327627501555,0.2015724707082649,1
-1.1491466618843837,0.38378520261986804,1.5746693369548321,1
0.3590829841408487,1.0251202759222986,-0.7899199119470532,1
-1.1091143446930545,0.5989339201352131,-0.3490921797974149,1
-1.2390985178576948,1.0157141501263727,-0.5956877849814601,1
0.6032898431346334,0.171247628361046,-0.8765607964950597,1
0.5150915875590742,-0.5606609218813805,0.4582051849144877,1
0.08274636703666083,1.8353859238133738,-0.5206245378659684,1
0.6131189605394871,0.9913957048888369,0.20923410512711627,1
0.43875664104116474,-0.7118200233273582,0.8297864436967561,1
0.6382537303618285,-0.5797348081952372,0.6797183441797943,1
-1.4640126941219336,-0.7748571695869595,-1.0098419986074765,1
-1.2432255211669156,-0.9262015105931365,1.1287961465748273,1
-0.5443362800623959,-0.7356321770930814,-0.2052810908943039,1
-0.6071947561643123,0.7679416218777897,-0.39084640752923416,1
-0.05147797609930205,0.9259043672918903,1.6314787207773778,1
1.7307200458125749,-0.2779221107212564,-0.5676668989430569,1
0.20807674253702046,-0.2620266231726873,1.8021571056064367,1
0.03709533676425103,-1.4374987426503019,0.656325447173888,1
-0.9712654897569202,-1.1396779426254255,-0.9417819038283106,1
-0.28934282109345233,-0.32477548098733955,1.0643317821069704,1
-1.4346688585525795,1.0238768457430316,0.10298523841052898,1
0.9980240869300827,-0.4955645364835046,1.043709034190222,1
0.5265411432568143,1.2271426923801751,0.5060822652957224,1
1.8868404957750053,0.16084630876703088,0.3973861259413418,1
-0.7695318517599725,1.3593492978734663,-0.9223556817414869,1
0.5273451962390832,0.2552318302837726,-0.7769939412940765,1
-0.32274806053200855,-0.5183582906094877,-1.8824744942676137,1
0.5937335818025025,0.07692715857536392,-0.7235083667929398,1
0.16268549034199875,1.6953261168886735,0.8988526084678039,1
0.4026713589869102,0.5792240771454669,0.10345094941010036,1
0.9648176100852286,-1.5342060949349525,-0.12087188531669124,1
1.786360344180956,-0.8697493045149773,0.0514702408871166,1
-0.912331267958673,1.5424928310917823,-0.8759752441002036,1
0.3431559660049377,1.5943119706007378,-0.5384458172617155,1
0.4608324696247106,-0.7248419337935044,-1.4537866704779887,1
1.2634764303339354,0.5312343260410239,0.4193623672929556,1
1.3492967776061615,-0.7056940646949954,0.8072324329287648,1
-1.5819425436982195,-0.9288468634950728,-0.35535006475468034,1
-1.0874649265141016,-0.7404545860590082,0.494382599146868,1
-1.1985016253506338,1.2487061493410048,0.33031849113471434,1
-0.2963470206246619,0.8386957839409961,0.5690793262092724,1
-1.3764798389785122,-1.2150677804052403,0.735146218154445,1
-0.6377056148090574,0.181405349723061,0.8499094104544023,1
1.0905942366283092,0.7305798439773925,1.2878355509619146,1
-1.8040302736691505,0.10258853179440663,0.6145150254424747,1
1.273481939878761,-0.024896369024027365,1.0212242398517946,1
0.10466114051197373,-1.8368645603565215,0.2993415249349667,1
0.6196982113665426,-0.26621873087489156,0.6258562810670671,1
-0.3283124957610699,-1.1553043437201582,1.1026792011200621,1
-0.8120017754295734,0.9555319629076235,1.4675124758471778,1
0.7394896967914386,-0.08446892963060293,-0.462257361140761,1
0.34408714429607734,0.47937192636784953,1.331774358746027,1
-0.030576259325153288,0.21690821823312056,0.32978662931570835,1
-0.34953091422225313,-0.14885739676240295,-1.6863776672930921,1
0.23385770038584663,1.5557767139943248,0.6135908193256068,1
-1.522314913685526,-1.0166091170336298,0.7691940160950281,1
0.564511760443855,0.9417912218115196,0.7225471941362764,1
1.120180022704826,1.153543748483421,-1.013043712444416,1
0.5924152064433015,0.3962374845554173,0.2584977503544854,1
-1.0458636651839477,-0.24535736527895313,-0.5258045601919523,1
0.6000534511113464,0.5485468482518518,-0.7769525410639995,1
-0.12844067561829853,-0.059614589186435474,-0.29287657890944807,1
-1.3879814300680966,-0.13703752857280715,-0.7525696387323721,1
0.24681051902476092,1.4994781688792633,1.1322721586505704,1
-0.6800274153369301,-0.23516087995180968,0.3231557587084186,1
-0.13327216591219848,-0.06316425845240836,-1.8914187601374595,1
-0.8137518956774512,-0.2241595290597047,-0.2105797143885555,1
-1.08273602504039,-1.331295151451732,-0.35187435175752757,1
0.2881945498723244,1.0638435265220227,0.11277872400412914,1
1.7960603872817371,0.8708446931297411,0.017453436220604246,1
-0.17673202629704932,0.644307547830274,1.5436749603264364,1
0.9348053963099421,0.31101527829366926,1.4025289651574848,1
0.521310913439966,1.4026319702146282,0.36551805118642733,1
-1.2240853424357336,-0.4755321562882271,-1.1896869818726383,1
0.25425610954233946,-1.368692825998024,-0.6252038874811499,1
0.787667543230187,1.4552728508808386,0.1005120719668664,1
1.1510781812092024,0.7875048137028307,0.668612179250812,1
-1.1776780000522988,1.229396422137052,-0.08616666031956566,1
-0.21837564199203108,0.0403015536063549,1.4269006237516315,1
-0.0049411570296076235,-0.9361986705985075,-1.2966331521874048,1
1.2246493300947314,-1.3421209989741145,-0.25632453443106495,1
-0.7642195370835223,-1.2659688270936504,0.5274412624577849,1
-1.4012720085277133,0.37876319570533035,-0.7109065086303019,1
-0.5285039692363442,1.6740965381511552,0.0071076848945219595,1
0.739901759582394,-0.10612117436751412,-0.1087344425337129,1
0.7995377553728975,0.6805828041997133,-0.7510753955124674,1
0.025453207194449767,-0.6833729853012,1.6098452854100262,1
-0.9441038395962646,0.8578474369089841,-1.0553145724064121,1
0.8094165304056196,-0.8671771441433833,1.581218077897307,1
-0.5198143618484936,-0.6726211792986314,1.2913144448001583,1
-0.14922472500177175,1.5756820178815278,0.26671000004607137,1
0.0749108431962977,1.4942406701638182,-0.10036854160233677,1
1.179715532248327,0.7233644733827829,-0.5072172925199565,1
-0.2649650471762186,-1.2311015517923316,-1.1082717222846696,1
1.061355914784011,0.5558741497222934,-0.6533449673663174,1
-0.3745427636359988,-1.5203144660782781,-1.2391257077163775,1
-1.2300275195375798,-0.20704871732115926,1.029463940954023,1
-0.5302147922537861,0.34471003397918576,0.062132232526766806,1
0.8263093966043007,-0.380984449202181,0.27021800753126524,1
1.3777488417551407,-0.1672734854017497,-1.2850115670690982,1
0.9394520085682423,0.48011777975768766,-0.7310412276796052,1
-1.2221492243326164,-1.1791615232982808,0.6075826074978687,1
0.3929709533888541,-0.54545919100305,-1.3156789835180742,1
1.0349249319145093,-0.3630028658769682,1.2625241327269734,1
0.1659615690001326,-0.025684475395520323,0.016507713477857067,1
0.7296360455420992,1.2322990056483674,0.3244744401812678,1
0.6946768033912143,0.26971110692205436,0.7779713534763539,1
-0.28472839869438626,-0.47560395612479045,-0.840421079100957,1
-0.49233152584144246,-0.9216960902630298,0.16441189724324712,1
-0.6809548599296953,-0.6418805581821276,1.156591708416026,1
-0.5396246821395243,-1.4398692024826287,-0.9108842093192866,1
1.3042060835411604,0.14241454568790246,-1.1155684118886438,1
-0.8877528486609929,1.2057896108727029,0.35443143652456754,1
-1.436873981331214,-0.8810482110475757,-0.24408013772571824,1
-1.1418853894873484,-0.6054759174199766,0.21047887676094756,1
0.5806822752090941,0.9679646679505263,1.2650828971762014,1
-0.5006703937451107,0.3062799252837136,-0.1008100538566703,1
-0.5882218807990567,0.5214377545834781,0.9055728550080655,1
-0.080935950310276,0.2570838413673373,1.4638556817145822,1
0.1455731530414912,-1.2069252515950168,-0.9985212594399417,1
-0.511676385857351,-0.9003717631256274,-0.5188811512040763,1
-0.07759382674150306,-0.2561359709317168,-0.47768458996668706,1
0.9892609529513683,-0.15020218012000353,1.0981159223805115,1
0.08170960010710893,1.1183216781291332,-0.6884506526165,1
1.5118763003424807,-0.6785147884671101,0.8737207971561665,1
-0.7095697167372856,0.04305368980647195,0.933153787204696,1
-1.3395772167401025,0.5271182685728659,0.9420032723960148,1
-0.681147683837346,-0.42429400577963516,-1.761744718946626,1
0.26362495402871033,-0.7025289646612825,-0.05548973450097261,1
-0.3769910401889742,-0.08956381799209545,-0.2538884888582169,1
0.42264154834630574,-0.39413091667815436,-1.873198233960383,1
1.7603853934687583,-0.6849334356541519,0.03383473976568929,1
1.356512170473997,1.0030124059934957,-0.015877569098316613,1
-0.23055211514301188,-0.768633655430035,0.32563063655743374,1
1.652341093273793,-0.5683648980880127,0.23057994548590077,1
0.6525376686615854,-1.8275945104204112,0.2617098306496324,1
-0.05091292730754127,-0.4572156446116198,-1.095049277465125,1
-1.4491024756811912,0.9017712451096713,-0.332398914402642,1
-0.0325749422988002,-1.3545981622555283,0.336104245004031,1
0.5232490545705026,0.7061199932624884,-0.85192144340715,1
0.12013671246514157,0.8145366328141206,1.0817905215302366,1
0.08956410053821262,1.8600638597276697,-0.45278895782105444,1
1.3980754221662552,-1.077359839889195,0.10270532668592658,1
1.4335600183200512,-1.0151832983985756,0.27713266591340435,1
-1.1665681037581166,-1.5955176821223338,-0.29684690509947753,1
0.8390922216261458,1.3855677710455119,-0.3892228016577146,1
0.8706303698939495,0.4718547664357837,0.3508241136697414,1
-1.2167387024462712,1.0706973114382556,0.6423681412339555,1
0.6707781153872414,-0.924713854024386,-0.15464896902589143,1
0.9736951543102599,1.0356601155180005,-0.2708789066767805,1
0.19088667570279227,-1.0803610108839967,-0.9463353561802927,1
1.7499923003967721,-0.15963437978981077,0.6091273212485184,1
-0.18678138387300436,0.7560174987976804,1.250355945775543,1
-1.2964852729402976,-0.5530506608813583,0.10643270493199086,1
-1.3895793248995911,1.0234476963604466,-0.5262440253118177,1
1.0895718284787979,-0.48167988642894155,-1.3311066098472635,1
-0.514887641930124,-0.948778653284581,0.5519418417955988,1
0.011740988061275104,-0.8869370784464685,1.174092058555389,1
-0.7774858077718454,-1.2061237654816326,1.2418107760235886,1
0.9091490103587008,-0.5631962023761767,0.6357355147615866,1
-1.2021724007395331,-0.4632735902780558,-1.1564701666276367,1
0.6486761682528366,-1.0977026671174892,-0.5647946656321015,1
0.3879581394609817,-0.08375422856965553,1.0409869604937212,1
-1.8319412037659841,-0.04953976895527212,-0.1990018320533764,1
0.5958625557965718,-1.090224111186922,0.05921204666980984,1
0.011107985029747525,1.7323279407443097,0.8970366596636072,1
-0.9346036944503595,-0.9368066668865591,-1.3020835951372414,1
0.03409631411577063,-1.6632471209961457,0.9409510368396106,1
0.26059789595938376,1.0549159174469445,0.7004506545079376,1
0.390260222176777,0.49992177419087724,-0.7470556391928049,1
-1.1667383854126232,0.723592853811712,-0.7846405415807123,1
-0.6826837323916255,0.015709919851898846,1.3665499042744642,1
0.7610522547432828,0.3478651971903588,-1.5315267361966711,1
0.6855934369370393,-0.6054920354017952,-0.7064437469265847,1
-0.4892477306530614,-0.11513440910728878,1.7760549022014045,1
-0.11243993533890695,-1.5652371571842982,-0.7095184907284073,1
1.064758772504673,0.8751700807182541,-1.0977042123524194,1
0.10949421238724444,-0.6875563383273082,1.1009389236433256,1
0.39986272128604305,1.1154209308187104,-0.7816227151587469,1
-0.7216180738386369,-0.41398758380620393,-1.4706850422521605,1
-0.5696075933807219,0.2529481207420581,-0.3937389755058254,1
-0.4822074422714735,-0.3766339163892418,1.4667245597584362,1
-0.5040445739394892,-0.8121237434128208,-1.0977725704449757,1
1.3465740287429417,-1.1322649810958758,-0.08967238383517806,1
1.274429560102396,-0.7076268963485495,1.1151509522331153,1
1.0170785116133958,0.6150883301534824,1.1829469392038838,1
0.8404621463416291,1.3653569344561083,0.25868872730730974,1
0.09893981731471602,-1.4952928209131748,-0.9899846920769564,1
0.5836693223294827,0.6733154086306428,-0.6252179078189855,1
1.5594041126303075,-0.18705313682712355,0.6525310337648396,1
-1.050666953580225,0.27279378416565514,-1.493805404713937,1
-0.509840051061274,-0.6755074619200734,1.5562945429164863,1
0.30865764667349627,0.9692032250372735,-0.25156760676560985,1
1.6894977132965625,-0.4130463512113831,-0.03870937946545361,1
-1.478319194641152,0.5465315125371157,-0.8802228407346684,1
0.22525737816424574,-1.0327310819484614,0.8871401402083929,1
0.25324205631701524,-0.5718518482417938,0.8929831376078914,1
0.7265774297415364,0.14254922236983703,-1.7007476985089882,1
0.28123514580859865,0.9490637192346991,0.8535985441629181,1
0.9190319765978456,0.7431045253831954,-0.7170233247969318,1
0.7468747688800796,-0.9075107758279515,-1.4162509768036804,1
-0.7024671888852811,-0.26550985545616523,-0.6389707451114495,1
0.4147956315914607,-0.7924789194044939,-1.529435292733032,1
-0.8119787041315085,-0.42758477137000206,0.46227357899093047,1
-1.376711495422641,1.270537110698939,-0.3261789113147726,1
0.14041494877783123,0.3915720766008919,-1.073404193396736,1
1.12818634037684,0.8010016765737413,-0.12389755724420581,1
0.3834018602515714,-1.207892777268932,-0.5623819158319323,1
-1.2915431127848098,0.7073268790745653,-0.016052606632325883,1
-1.0056664624499696,0.07021576427657195,1.3389843494222013,1
-0.6093756738365519,1.258623757936685,-1.332359707067674,1
-0.26445855155500997,-1.7699595918207,-0.8183354351029442,1
0.23280441142583097,-0.5702527940933466,0.4874112067299974,1
0.669177192376817,-1.2905993539714462,-0.08564303351832692,1
-1.616156160099389,0.9021711874542859,0.15407550715113416,1
-0.13626960060378757,-1.5141059238234922,-0.8249605078859554,1
-0.5462801025230481,-1.2537548634950184,1.1761939802908392,1
1.102033191788835,-0.5482345079682442,0.36381041756167765,1
-0.004849439930850075,-0.9050309345097549,-0.14354768834040588,1
0.9073602324204195,-0.09724078226034116,0.7159599380209851,1
-0.03213694962088898,0.09353310535905113,-1.0859207541675335,1
-0.9862008404624216,-1.3424993266857133,0.6254564483276459,1
-0.2483109142373836,-0.660746020260194,-1.1403061828218046,1
1.0501171238799634,-1.1501716233803556,-0.772434717514531,1
-0.34160675513366545,-1.1007327696255294,-1.563200361881825,1
1.2498957413595875,-0.3741454305591274,1.2359101065618194,1
-0.6982198169426432,0.7346467191886656,0.5943920187902476,1
1.1729042990730285,-0.5002334431208277,-0.5319590432949868,1
1.0968807085719643,-0.8459472487778141,0.7431061800019165,1
0.04544535469429967,1.2679355986865346,-1.519128009431621,1
1.5085499571061494,-0.2803790771880159,-0.6723886665612353,1
-0.04568117963119356,1.0370862277947435,-0.40765835823674834,1
-0.0754787485308368,-1.1118405694146842,-0.2979397161879218,1
-1.9127422115020432,-0.34718266680875676,-0.3566927371620494,1
-0.2059551172172327,-1.6798840112610849,1.0205339112112597,1
0.13025959517245056,-1.4407366577779532,-0.5863286939871477,1
-0.3804750117806588,-0.9877539003219988,-1.140050294110349,1
0.22928742740242125,1.5175079729089758,0.2473640031545159,1
-1.1174162408641717,-0.8697403291821155,0.601032103040791,1
1.3577274987157013,-1.027952152415411,-0.12173361506879843,1
0.549655814526437,0.2252298510522106,-0.011885729035434167,1
-0.54610912004983,-0.21760755645102137,-1.8212889217552437,1
-1.2133213899014503,-0.10287872930104136,-0.08594334963836747,1
-1.1317387296534598,1.431650340527737,-0.41319591311876724,1
0.35880493904833255,-0.3020107158852614,0.08451161530037954,1
1.792254785347354,0.3265338772276163,0.46201489541334073,1
0.6294356337508091,-0.9218244707529211,-1.1755961233462386,1
-0.8894682343211064,-0.9998210652329158,-1.4524452436709705,1
1.7147353211536922,-0.6894409985063126,0.041495037622333975,1
-0.06266012086117279,-0.19708161674040792,1.5417422623626118,1
-1.859246939389882,-0.4671462184793782,0.048695878020190264,1
1.3418841092131082,0.10687701714595743,1.0523037205308743,1
-1.0370932612910124,-1.0031004153634324,-1.0520230138499516,1
1.1585838492487195,-1.3676526961624456,-0.6210242850016625,1
0.1186774633064358,0.8944285065936768,-1.343649091559353,1
-0.7504841726908937,0.3429062355497505,1.6749774913158921,1
1.527794683943533,0.31289165643886374,0.637717812939238,1
-1.2111419104769077,0.2649743552720025,-1.4185715353839212,1
0.5509702749635901,0.6573805105039225,0.9821495298963843,1
0.5507857768503435,0.7953377600614298,-1.6909266994373136,1
0.5472234443248629,1.0473271148072874,-0.1351472585004725,1
1.1359139749297338,0.7916816234550126,-0.6695752755085262,1
-0.06024979266523722,-0.8247248068654196,1.4483746111636266,1
-1.0362849531343654,-1.1839562265263934,0.8211114814167173,1
0.9895361957998885,0.4232049463377763,1.2174199719213838,1
-0.42534160422098655,0.6196536059082876,0.962258600327301,1
-0.6753831548718647,-0.6856430661160902,1.4675821194889895,1
1.0987638487904414,0.1308894465676591,0.10916587402498212,1
-1.2929301254312673,-1.1387661572004504,0.0012467844573169629,1
-0.5590213000441597,-0.16785234323995724,0.4777734789513275,1
-0.973411071712853,-0.6762804086826861,-0.3506127010180933,1
0.9187434220274273,0.3756845936068194,1.4211754688710165,1
-0.3377749795671008,0.8411345505291106,-1.5756837291758883,1
-1.2507344892591847,-0.9207764991381078,0.21978251704748253,1
1.0984971057792592,-0.9447875839846729,-0.28104023137111334,1
1.0219449882590244,0.03308442917567955,-0.9499916989442827,1
1.425441442626333,0.2854707746764005,1.339875436210641,1
-0.2813930108913594,-1.1099893521620352,1.1828009773080073,1
0.17333466362088235,0.7869024433995531,-0.2606091265875996,1
-0.3102380992617224,-0.491597994735228,0.7302325050730198,1
1.7163429020444196,0.4856582036580015,0.080401956132099,1
0.685313860065695,0.4355025873147307,1.3707633298785487,1
1.5120240280801376,-0.06400264007409096,-1.1006641225469878,1
-0.34032694018374965,-1.2474145742385758,-0.4563577387497446,1
-0.10028901881643826,0.25066741710613805,0.6567032671259607,1
-1.517915918197164,0.7509795359420659,-0.07757882221021362,1
-1.2264250324625543,0.139360081430274,0.6187666331290078,1
0.026748217440645483,1.5124744806964898,0.4884652636202569,1
-0.5755103430442627,1.1149204979242464,1.282742100527578,1
1.1350836274477407,0.16526855752018843,1.2658477373904002,1
-0.8563623892779084,1.3937007385030018,0.405740402505276,1
-0.293440368604327,1.6132281333034184,-0.5629028136455867,1
0.13467638972943696,-1.5383486456860034,1.2559105025132293,1
-0.2186233970043201,-0.12375202659996543,-1.2410256924756657,1
-0.09754935569447287,0.24231278972432246,-0.7280271583423454,1
-1.6177635146370157,-0.4360354864356317,0.4658356858204016,1
1.100733037679758,-0.5129033388431505,1.1896222339532878,1
-0.06740740702480075,0.1215992083798092,0.5746790608063366,1
0.29698606937057104,-1.5604115734893718,0.5583089568467603,1
-0.6705279240679127,-0.18686752963285613,1.5867419066986947,1
0.8278638523468747,1.1132038902162016,-0.04657153547712145,1
-0.2886413121217428,1.560357814600227,0.35936909779359194,1
0.9490418791933912,-0.3829133247250853,0.2504782122093774,1
-0.4139580291042746,-0.4589202500457388,1.231854904894825,1
-0.27818074313852037,-0.4246374383496221,0.11968669650189412,1
-0.09711592739133845,-0.9268440356616425,0.008658833449852743,1
0.4357922511680945,0.45818781060164504,-1.4743233466271288,1
-0.34623519234586286,-0.6594935368517252,-0.03669270724234508,1
-1.566319632140786,-0.869036444345892,-0.44216533564994,1
0.5069441247270472,-0.6885113944150669,-0.10192994818318102,1
0.4619668256388767,-1.6995150658786695,0.664014745357866,1
0.009912771533560516,1.5878500291352937,-0.3191917296583924,1
0.9105010016839383,-0.9519118389600694,-1.0860411195865414,1
-0.7027188309244492,-0.8092863946376312,0.7170146987433617,1
-0.7623920067203622,0.49384883973144866,-1.6016704355243103,1
-0.8765736040049035,1.1597097578861622,-0.8747093782725583,1
0.45668971587536333,0.47886912445135366,0.6412182726886737,1
0.3294353937363015,-1.250934358359002,-0.6036025096952988,1
-1.178147073983852,0.9989836358730795,-0.12098116001679404,1
-0.19105238854043538,-1.728205275916351,-0.9169647149422477,1
-0.015386781569093344,-1.3970723572995363,-0.8972003696145912,1
0.003857991202245614,0.7300483057218337,-0.1601962149070877,1
-1.1441387035377515,-1.3014184808229325,0.18611762198037773,1
1.546849758848433,-1.2610801244123397,0.11581530273596918,1
0.16582754505746777,-1.3835553470694135,-0.11711475064756627,1
0.9039174181882723,0.6125208079136417,0.5247611521774012,1
-0.9413715036019337,-1.224034006257873,-0.27888354404864124,1
-0.8346083491930996,-0.7605938854181007,-1.2325419412712009,1
-0.25445205875600596,1.5880973604152784,-0.4939035260669371,1
-0.6268375725301327,-0.34068929027569084,-0.33589059440813607,1
1.1554365953314756,-0.28422963264274514,0.3117496493965568,1
0.5205474625216784,1.4190458834819974,0.48967358094390967,1
0.49637422825791866,1.517456532266321,-0.5535443568883958,1
1.213929694658641,0.6227388443361894,0.6186998903983731,1
1.3514464036630773,-1.1033440901165514,-0.7552912145269115,1
-1.9347535244190057,-0.4188821975595314,0.23346055623195294,1
0.456988163023909,0.12126461135937561,-0.6419862949211534,1
0.23331620275852583,-1.031134749608527,1.3604404451491794,1
-0.6519669961348704,0.7913551837574735,-1.5407358822013801,1
-1.1334733982959655,-0.13445246460363425,-1.1263748473858888,1
-0.369301526165831,-0.2556093920855078,0.645743990630975,1
-0.24199575310363475,-0.46149561409569095,0.6368580291281889,1
1.1894317129874654,0.6279465976762841,0.9592201596343068,1
-0.8903788454611368,-0.6055017846542228,-0.6925149566355442,1
1.4183012655869822,1.0255404088289826,0.05008483787460527,1
-0.1994296289024282,-1.535511187164082,1.1122681532269452,1
1.3581377424397107,0.853956575613549,0.10348817512041641,1
-0.9709090092609696,0.25009219711779807,0.6693794734130618,1
0.4968622165743293,-1.0337188620436706,0.4112367298039574,1
1.0501493338823318,0.8106880572506929,-0.32826059425165166,1
0.39120908083284345,0.4178908716220944,1.3516991088825492,1
1.4093200738756257,0.9130372839376424,-0.5210839344096145,1
-0.5673749116092406,0.24086197664727482,0.14936610215027013,1
-0.045993826785103664,1.0224738978827341,0.009577108543537882,1
-0.858134808034861,-0.8456763750387957,0.5442234215444888,1
-0.2505680054857278,0.9038460139816298,1.4323984998662054,1
0.17995693544422053,0.8190139442003916,1.2803034819025676,1
0.4245848422808054,-0.8709394651897018,0.17372408470352685,1
0.38432748040068,0.6310975598594117,0.9349971585894323,1
-1.1319755854392657,0.052967539795813146,-1.568663493293018,1
1.0231053648857182,0.9069748362826111,1.23677227033635,1
0.5247419705054472,0.038818617763141106,-0.19623285076327246,1
0.7410859414397315,-0.4169249969263804,0.10879185002500691,1
0.3688702801031374,1.946879284355929,0.14840119294188625,1
-0.5408484729422556,1.4376086167396878,0.6175518687401986,1
-0.49741486010640035,-0.30912070577420714,0.15304388798669866,1
0.7788998939814737,-0.9962293486136913,0.3711870362462122,1
-0.4960759036520246,-0.9988637402945431,1.271564014877633,1
-0.2564606494228787,0.5552509749376835,-1.7923643602000405,1
1.4274502075347444,0.8942695358871662,0.04246508566758589,1
0.5051148475746023,0.7845895521587654,-0.02315970206255802,1
-0.7012885097129402,-1.0019127439437234,-1.5325297364824904,1
0.4891709178890986,0.4629419634048384,1.2785996461257785,1
0.0775717955045172,-0.0508309968200118,1.9103218383789384,1
-0.212046541381806,1.6130992996443227,0.3707383546609231,1
-1.1553276638551635,-0.004170415322363397,-1.5761601301409867,1
-0.754121743010236,1.3807948801509884,0.6283958615488947,1
-1.1668145952070628,1.2053453790821154,0.5556819565950324,1
-0.6240694001901135,-1.1675219519284035,1.0555620258297411,1
1.4993346257010174,-1.1017237364902117,0.34251006718269483,1
-0.26173651027029265,-1.0236216320971296,0.14680827017235654,1
0.2844481124834255,0.26772504267051733,-0.9458818708599077,1
-0.6184200495480194,0.2675649810063385,-1.7723962640303608,1
-1.0240945509962378,-0.49103222445651706,-0.18433093273279866,1
0.23608165697406758,-1.2232130036229938,0.22995604350801813,1
-0.6968437692494138,-0.43511391525374776,0.9397646809240596,1
-0.32319601170206536,1.8256471096924978,-0.18038424761525285,1
-0.4127704868264104,1.1177524836467976,-1.1166257980432324,1
1.3332143454728378,-0.5364216173293777,1.2887611650764272,1
-0.5760283360340779,-0.08553080677042146,1.4705922519905377,1
-1.2816169622979752,0.9283888460510532,-0.757976636956343,1
0.7926403938221824,1.7943387007939293,-0.07514114417328077,1
-0.1917249962540204,-1.8982783741086733,0.15658443872749928,1
0.8505118890394296,-0.5090501363403384,0.3477582812294928,1
-1.4467234741036918,1.249265305713549,0.09645931222620163,1
-0.3985985150969791,-0.9576071536212005,1.5276565025504931,1
0.4461621738297312,-1.4805158368037104,-1.0244570501190093,1
0.15126447719182412,1.2830725349689347,-0.20896006714534643,1
-0.3295061558447605,0.20755741463266997,-0.20050068210852778,1
0.916739885094751,0.44372765950671056,-1.4084017806343345,1
0.6400569271194607,-1.3989499193775252,-0.7630871191873041,1
-1.1482942939441347,0.45649689168744345,0.07101452923978702,1
1.3837508609075924,-0.0844043464707509,0.1766151703137906,1
-0.3750942563005202,-0.29522191101228223,1.6701410568432422,1
1.0875762400578441,-0.08672638096129148,-0.13058612762970423,1
0.04822013958767357,0.6450687599995106,-1.7426590838075215,1
0.3773129832752611,-1.7671233608540646,0.22569167614198538,1
0.6278432160373733,-0.8033910090597276,-0.308107896586586,1
1.337161309715933,-0.5162006875623515,-0.9471103658518274,1
-0.6055781059160736,-1.4396823127458882,-0.6184332312714353,1
-0.8878807268825035,1.1157010504029063,-1.1447622334197725,1
0.41765158931569424,-0.5773916498878497,0.9240838151828479,1
-1.1194177192312926,-0.9601435218728653,-0.7182342090574556,1
0.6640889212924694,-0.23389563500892052,0.376623323655326,1
1.3436155615316796,0.684822255673164,1.1751551247032381,1
-1.1583885970614087,0.24169728565245752,-0.7032284735756233,1
0.2797287800642714,-1.1646252829088564,-0.4620579490047865,1
0.6587769903830027,1.3430436160187291,-0.5518183094755456,1
1.084060467738598,-0.8087374502053812,-0.18704641929857058,1
0.9942078445554481,0.514975069218762,0.2359289405190177,1
-0.7558014339819819,1.0057106773757454,1.1730340928335519,1
0.8118446646273414,1.0147847704795616,-0.6389267505484435,1
0.6484661692760261,1.3348659417928657,-0.6360067670731224,1
0.08881214777894897,-0.6470149363378956,0.12747762103033544,1
1.0853915501175448,-0.07123471929482417,-0.6426135634394354,1
0.6495720196257242,1.0623784343427323,-0.6241737676020511,1
0.12843169039746982,-0.4780182370884498,-0.8725928772919254,1
0.8569440569795166,0.9417923891023001,-1.1768312492247759,1
0.3688013371307788,1.093144601054357,-1.5894984487660215,1
-0.207909441965203,0.42624697521916577,1.1769994715480543,1
-0.2804913697097975,1.2188150936935935,1.3625219615507271,1
1.4317890307863932,0.892519333752964,-0.501563488565659,1
-0.18861418073456893,-1.0666399524506787,-1.4018047457180733,1
-0.9618529857552192,-1.24937412875708,1.0782252444599756,1
-0.22761932606370028,-1.6544682058026003,-0.9993105081923863,1
-0.9611033148185726,-1.1168258966492903,0.4262049793807563,1
1.4468271157502057,-0.5026640036493948,0.3936206136953908,1
-0.3805688341220508,-1.8627476597252244,-0.29905675091429185,1
0.08837494758963782,0.37413498448977656,-1.812756350192588,1
1.2747178728114115,-0.4100791494666032,0.07285489517318844,1
1.5648370037834791,0.6664284833670466,0.4716500923742508,1
1.2845779848986298,1.2411165565584366,0.7585858508547965,1
1.8495831475518916,-0.08466055228200009,0.057146293384155555,1
-1.1115748366007612,-0.3776219816015738,-1.1826076430881365,1
-0.37440559875521107,-0.07954749015306728,-0.4451637031557256,1
-0.6521116643622147,0.718983092288437,1.5822926489870444,1
1.393125849351823,0.02450905511106516,0.5469106598290088,1
-0.5679756255192832,0.4112746237304563,0.29762680533514096,1
0.3656657810267543,-1.3631986635903592,-0.6217596833871921,1
0.7090760834017189,-1.4774257310494443,0.21447437268514324,1
1.276740867212851,0.7589955499963272,-0.3023006979925089,1
1.1860000352434934,0.8486381118890716,-1.0927635613446371,1
0.14587411652543913,1.2852689652040148,1.281687459478258,1
-0.12345508660101245,-1.3612540424062978,0.5641125400331637,1
0.5369422419355168,-0.19549792187952164,1.4253697239641445,1
-0.925872355355402,0.47088658771602177,-1.1571281053579643,1
0.9031566887119977,0.507560366337926,-0.8055629139642706,1
0.16337729542913682,0.24934513544338888,1.2241599873000926,1
0.48462973830101763,-0.7171665489071364,1.143121923475289,1
0.05646908813717744,-0.05212501584218998,1.1413651520730754,1
-0.7785386322053354,0.5922611035026337,-0.44943258084829374,1
0.5343748543696742,1.1518031730997906,0.8630934414251152,1
0.9391999424604114,-1.1574363388714417,-1.2918491679602857,1
-1.3979883155490143,0.37008692766633544,1.0038019920544352,1
-0.2920960559846506,1.1060859830022505,1.0274759888450182,1
-0.8482005804528336,-0.7839950644666791,-1.3073936761127518,1
0.003588220772332562,0.5531789229793898,-1.8189315018243883,1
-1.3013875809080302,0.5295199856216364,-0.22983171186511342,1
-1.4446676610629483,0.19858819460134836,-0.7018292195880917,1
0.6175091320397019,-0.6490417459111617,1.0853403344270376,1
-0.5250551725397541,0.3315588043629205,-0.42702684385521916,1
0.588050878228441,0.5484449421819724,-0.005703724202332339,1
-0.8231230919511212,-0.4306698317400075,-0.3082505064709844,1
0.5192717928644957,1.0801828989328177,0.18443930934983133,1
1.000162125156586,0.2780912477046593,-1.52856306830373,1
-0.2708038972187863,-0.08048397871615176,0.7617995169090914,1
-0.9869045428428471,-0.8947743068309446,0.34731105681760965,1
-0.5209829238271402,-1.5697320991385562,0.2846944651015022,1
0.06431207663129523,1.1149724486329324,-1.631911089804876,1
0.5410866010519699,-1.807076271675454,0.5866959391726052,1
-0.3151825433365296,-1.5208667529168336,0.5726323878044584,1
0.4640174773612591,-1.504394335237988,-0.33361642944384684,1
-0.17397431864860913,-1.803812045933193,0.6116909575329821,1
1.8180415162854757,0.015130385312580152,0.8039959518794735,1
-0.6515482276748426,-0.7293087401345799,-0.05557472080534165,1
-0.5192869909199969,0.04428084992480752,-1.0171138877897317,1
0.2429056253070998,-1.2558372382348244,0.9723114582531345,1
-0.5181182578482373,-0.48141071660793955,-1.731890690704887,1
0.5500016447838227,0.2235503495073594,-1.2903723527438782,1
1.542139017972878,0.506551157760514,0.5046432339318194,1
-0.22085899350054294,-0.19252278046377835,-1.5094762763558025,1
0.5643797719698629,-0.5760238274653116,1.393667970361256,1
0.18176988706762742,-0.10240339036397028,0.9369555888017569,1
0.4919330266243396,-1.1949455943605418,1.521804088263588,1
0.230810255296519,1.2709470828302187,0.9433422940350997,1
1.1697451956379146,1.4828880778928015,-0.01914855409170535,1
-0.3830856228945585,-0.32422402177172405,0.4511370773595864,1
-0.527626715653831,-0.6604123914478244,-0.9897101917311968,1
0.5594896787117012,0.5741159002677794,1.0743421543570149,1
-0.03868563359478294,1.9240343323846236,-0.49585557359284493,1
-0.21417714573312452,0.37033737279099554,-0.20548324433040932,1
-0.21565850766156025,1.3140062643362702,-1.4525966029180877,1
-0.6231700318590203,-1.8936845416269188,0.09415125255460932,1
0.06078802963831542,0.10639324331353084,-0.35604567758372774,1
0.8798999154888376,0.17280694621805903,0.10890770702499442,1
1.405684040941428,-0.43651638152951566,-0.3580157037358376,1
-1.4816380278515071,-0.7298852758689636,-0.4603100079864477,1
0.3565131521939717,1.23409589686566,-0.5164864005472136,1
0.7897419784625486,0.8456834242054088,-0.18882136064485078,1
-0.9201708952313972,-0.5279293863781263,0.13551347889818643,1
-0.6146309761898987,0.5619994926316298,1.4844960016623991,1
0.27554516616632974,-0.9482460557042156,-1.3762571088281206,1
0.7579570580512467,-0.025979765099032548,0.023549522825276448,1
-0.5537280188309897,0.44825630430108276,1.27201660668295,1
-0.4396461139257628,0.8208635449491481,-1.2117814480943023,1
-0.11961303051994054,0.02942992265974631,-1.5311302036360548,1
1.3372245920188108,1.1635262755709501,0.03751962056233893,1
0.5963353318839388,0.26408163848471666,-1.648190560534811,1
0.15042161730583725,-0.687454608591695,1.5199442427928842,1
0.24116727850722253,0.2229468523629352,0.16877644345751985,1
0.6448165916806898,0.6199637966256333,0.8568750988161087,1
0.375685704925826,0.9177266613556005,0.8156926597399998,1
1.1995947355437,1.1631687251976137,0.184505595699755,1
1.9358323387652208,0.26682574341808074,0.4072841155818159,1
-1.0114459363101496,-0.6120901676530641,0.9281053960192605,1
1.5716095329138557,-1.2065617977535323,-0.09873469318658401,1
-0.4845288632843703,-1.7886611238399546,0.3889087277664407,1
-0.4406096822276515,-1.247112600272243,0.17706418439049987,1
0.3357195676026432,-0.31559790217026684,0.8736706656465909,1
0.18230740111978516,1.3356239883295986,-0.3948936976977322,1
-1.3780510081764117,-0.5830101902392189,-0.34318911728289514,1
-0.9612517058315682,-0.8286516356352429,0.02535592035295764,1
0.09269696168233477,-1.5238333306650276,-1.1039208475845177,1
0.911410107060739,0.017119437926586656,0.4561651544575973,1
0.6520225399522293,-1.14995268831262,0.793506291598324,1
0.3824783369624907,1.6205410586929965,-0.6849330549979502,1
-0.7994025998658785,-0.32600245078705825,-0.902869296339432,1
-0.6759319024527191,-0.3495961373058778,-0.6556989721449407,1
-1.7930489912186909,0.4290926214294233,-0.12741287294817738,1
0.14318272292267586,1.0433725955192577,0.9130390219695128,1
0.6101344856522619,0.2370833192123749,-1.2996069601667193,1
1.405000969740529,-0.9413650261407982,0.5885922109951078,1
0.7406685088433065,-1.332480351967563,0.5291560764838135,1
0.984166285473334,0.05308082398163183,-0.3604149923964117,1
0.2657288972352063,1.0931203368281706,-0.7933693418784316,1
0.6685277281399333,0.8622570427698664,0.6363194421686948,1
-1.47093596868807,-1.0016299794234218,0.6729104050906081,1
0.5034988091497263,0.9820619491884175,-1.5492353788074142,1
0.11646967169265654,0.9696706742332646,1.249666724553312,1
-1.4580538245851713,-0.5813299832006589,0.2808144396854617,1
-0.004032766658597531,1.9184259003272155,0.3486587847970979,1
0.2508439169739951,0.7848202749476103,0.274851729567934,1
1.627120118969465,-0.7843417469663061,-0.08106165963661027,1
-0.9468567365421094,1.6713299716270802,-0.03415539548294433,1
-0.7238020551090081,-1.1847097604610344,0.8318864047641537,1
0.7004430044118743,-0.3529679531069174,-0.7561232684087225,1
0.6879271486488472,0.4903285365044967,0.12620447667117407,1
0.12053919067465113,-0.5971369582734143,1.7708125171032485,1
0.23614396168631302,1.5905173064671576,0.9898786371086974,1
0.10015235733434036,0.31257390063107326,0.750962203173585,1
0.6162655931896772,-1.2654335428793875,-1.1194900711599294,1
-0.7230818909281105,-0.6075277736268054,-1.5297129813905634,1
1.8540138578928582,-0.09057313891402252,-0.39389776155366363,1
-0.8302751410305387,1.1064302870687515,0.526702368167042,1
0.8575058286239612,-0.1656814440344636,1.4486191104577681,1
-0.17286590189019613,1.0769547984340138,-0.3036378448744701,1
0.7360837521736538,-0.18444473836291042,0.47486275931220057,1
0.7078364384200944,1.651692516765915,-0.1676999129011163,1
0.3366976166306612,-1.8281251042040214,0.6447696981415119,1
1.6934511128990026,0.15835266535938342,-0.7558667009508806,1
-0.31107303513613704,-0.7060851389248421,0.2321243339865644,1
-0.41295308560477206,1.5322937204155558,-0.8683096136729107,1
-0.5350519730547907,-0.08734089305385861,-0.6699983548004953,1
0.4040494527173877,0.41821461918436054,-1.3636386685414132,1
-0.5413076730625797,-1.1156995136406094,-1.4425162173693558,1
-0.9674287631174936,-1.0522931214187121,0.9462719285050998,1
1.4953100174329856,-0.19857102380667335,-0.9525398727311032,1
-0.43234818941364406,-1.002888369442399,-0.5077639338386426,1
-0.7441107773412998,1.2459353261137602,0.07865017482856373,1
-1.078804514558671,-0.6690387769530837,1.0071756437890924,1
-0.596906392700328,-0.5872648558504512,0.6096212045099394,1
0.6842008277113001,-1.0672781853681164,1.5244254375224946,1
